date,symbol,open,high,low,close,volume,adjclose,change,factor
2023-08-30,sz301525,1.17063651328551,1.17063651328551,0.9958539783157985,1.0,1967226388.2634737,123.01000213623048,,0.008129420231149376
2023-08-31,sz301525,1.0161775288936719,1.0782862944978489,1.0114624502741925,1.0247134449454003,1285643957.7268984,126.0500030517578,0.024713444945400287,0.008129420231149376
2023-09-01,sz301525,0.9838224090837736,1.0190228135700634,0.9552068771600516,0.9553694382747507,1022003754.7284395,117.5199966430664,-0.06767160810927442,0.008129420231149376
2023-09-04,sz301525,0.9584586576570222,1.0354442771696155,0.9581334734050697,1.0103243364036356,1068590471.7674791,124.27999877929688,0.057522143714503704,0.008129420231149376
2023-09-05,sz301525,0.9917892682002238,0.9941468075099636,0.9362653131360607,0.9405738959349612,831918366.5873567,115.6999969482422,-0.06903767231516877,0.008129420231149376
2023-09-06,sz301525,0.9378099228271963,0.9994309430647215,0.9267539063510288,0.9974798375530068,922732468.824463,122.6999969482422,0.06050129805216353,0.008129420231149376
2023-09-07,sz301525,0.9778879670476649,0.9966669079344026,0.919762599990436,0.991951829314923,836144744.2407533,122.0199966430664,-0.005541974915147185,0.008129420231149376
2023-09-08,sz301525,0.9674010075067757,0.9802455063574046,0.9552068771600516,0.9648809070823366,456907490.86479956,118.69000244140624,-0.027290561328247587,0.008129420231149376
2023-09-11,sz301525,0.9592715872756263,0.963336297391201,0.9278107086529586,0.9345581423302257,350466443.9763108,114.95999908447266,-0.03142643255715638,0.008129420231149376
2023-09-12,sz301525,0.9383789797624746,0.9477278254328071,0.886919734813886,0.8870010463825128,510136132.96918494,109.11000061035156,-0.050887252267830196,0.008129420231149376
2023-09-13,sz301525,0.8697666531643564,0.8941549138578045,0.8609056148832297,0.8748069160357886,323192051.2526551,107.61000061035156,-0.0137475940941173,0.008129420231149376
2023-09-14,sz301525,0.8698479647329832,0.8698479647329832,0.8170067332305122,0.8221282456480167,369476901.7464524,101.12999725341795,-0.0602174827634957,0.008129420231149376
2023-09-15,sz301525,0.8238354164538517,0.833265573692811,0.7954637572134555,0.815380873993304,306277683.91891485,100.3000030517578,-0.008207200872163645,0.008129420231149376
2023-09-18,sz301525,0.8080643833807588,0.8430208531611687,0.8080643833807588,0.8212340044607861,238466206.06127933,101.0199966430664,0.007178400492541037,0.008129420231149376
2023-09-19,sz301525,0.815787307791329,0.825867771511639,0.8023737520054218,0.8100154268699195,211852377.04909518,99.63999938964844,-0.013660634520647474,0.008129420231149376
2023-09-20,sz301525,0.8136736411649149,0.8348914329300193,0.8084708171787838,0.8281440612753065,265849339.62682346,101.87000274658205,0.02238060387990415,0.008129420231149376
2023-09-21,sz301525,0.8299324816272137,0.8505812164570395,0.8254613377136141,0.8375741564917115,257858240.85804752,103.02999877929688,0.011387022690089621,0.008129420231149376
2023-09-22,sz301525,0.8373302838083857,0.8617185445018338,0.8292821751458631,0.8514754576442702,232035858.19960788,104.73999786376952,0.016597098949167943,0.008129420231149376
2023-09-25,sz301525,0.9186244861198795,0.9364279362733138,0.8591171325087682,0.8641573953802002,466705975.59496313,106.3000030517578,0.014894073131615837,0.008129420231149376
2023-09-26,sz301525,0.8709860786035397,0.8958620846636396,0.8381432134269897,0.8791968104033159,305857973.79162604,108.1500015258789,0.017403559934239476,0.008129420231149376
2023-09-27,sz301525,0.8658645661860354,0.9278920202215853,0.8599300621273722,0.9076497812123386,366409893.36318976,111.6500015258789,0.03236245909032642,0.008129420231149376
2023-09-28,sz301525,0.907568469643712,0.9129339167670965,0.8739939864171847,0.8774083280288543,259574353.39785007,107.93000030517578,-0.03331841621015008,0.008129420231149376
2023-10-09,sz301525,0.8706608943515872,0.8773270164602277,0.8535891242706845,0.8612307991351821,161010867.0461655,105.94000244140624,-0.018437856556497323,0.008129420231149376
2023-10-10,sz301525,0.8622876014371121,0.8640760838115736,0.8347288718153201,0.8418014897445394,177811204.10792544,103.5500030517578,-0.02255993330725392,0.008129420231149376
2023-10-11,sz301525,0.8405007527367296,0.8668400569193383,0.836842538441734,0.8373302838083857,167068986.6413727,103.0,-0.005311473061791139,0.008129420231149376
2023-10-12,sz301525,0.845053208218956,0.845053208218956,0.804893914452415,0.8283879339586322,178871304.30633548,101.9000015258789,-0.01067959683612707,0.008129420231149376
2023-10-13,sz301525,0.8275750043400281,0.8320461482536278,0.8031867436465799,0.8037558005818584,155781342.82534793,98.87000274658205,-0.029735021922716598,0.008129420231149376
2023-10-16,sz301525,0.8125355272943585,0.8209901317774602,0.7706690627219824,0.7763596320747653,183721096.6505585,95.5,-0.034085189167232466,0.008129420231149376
2023-10-17,sz301525,0.7648971197780187,0.7762783205061385,0.7527843009999213,0.7557108972449395,163726312.84332278,92.95999908447266,-0.02659686822541718,0.008129420231149376
2023-10-18,sz301525,0.7519713713813172,0.7551418403096611,0.7247378260114777,0.7298593384289822,174107495.95360568,89.77999877929688,-0.03420826523767628,0.008129420231149376
2023-10-19,sz301525,0.7269327421839642,0.746931108509885,0.7218925413350863,0.7411592275884756,139773190.1773453,91.16999816894533,0.015482283454530288,0.008129420231149376
2023-10-20,sz301525,0.7325420619906746,0.7503455121441089,0.7144134275852876,0.7227054709536903,142499952.89469913,88.9000015258789,-0.024898504866260218,0.008129420231149376
2023-10-23,sz301525,0.7229493436370161,0.7233558394575953,0.687179882215448,0.6901877900290928,134398760.17401126,84.9000015258789,-0.04499437493075398,0.008129420231149376
2023-10-24,sz301525,0.6937646927554617,0.7234370890036678,0.6936021316407626,0.7234370890036678,143299640.91858676,88.98999786376953,0.04817427873242064,0.008129420231149376
2023-10-25,sz301525,0.6763677384226063,0.6859604567762648,0.6388098566491309,0.685310150294914,592702783.5930635,84.30000305175781,-0.05270249381499481,0.008129420231149376
2023-10-26,sz301525,0.6605153937808868,0.6605153937808868,0.6404357158863391,0.6487277592547419,515657190.89506537,79.80000305175781,-0.0533807809857032,0.008129420231149376
2023-10-27,sz301525,0.6422241982608007,0.6551499466575021,0.6267782874171061,0.6487277592547419,583287598.0295564,79.80000305175781,0.0,0.008129420231149376
2023-10-30,sz301525,0.6397853473824342,0.6621412530180949,0.6372652469579952,0.6584830387230994,421977078.618187,81.0,0.015037555167308314,0.008129420231149376
2023-10-31,sz301525,0.6585643502917261,0.668888686695362,0.6469392768802803,0.6520607892977849,303141543.91445166,80.20999908447266,-0.009753097722559834,0.008129420231149376
2023-11-01,sz301525,0.652873718916389,0.6744980065020724,0.6504349300605767,0.6640110469611832,348571966.9334107,81.68000030517578,0.018326907336764897,0.008129420231149376
2023-11-02,sz301525,0.6630354942053257,0.668238318191457,0.6416551413255224,0.6427119436274523,299046171.91333014,79.05999755859375,-0.03207642919678111,0.008129420231149376
2023-11-03,sz301525,0.6523046619811107,0.6877489391507263,0.6523046619811107,0.6817331855459909,485379139.9392472,83.86000061035156,0.060713422716720755,0.008129420231149376
2023-11-06,sz301525,0.6828712994165476,0.701081183368007,0.6771807300637647,0.6961222320652015,385166581.4989243,85.62999725341797,0.021106566064678978,0.008129420231149376
2023-11-07,sz301525,0.6869360095321222,0.710348717469713,0.685310150294914,0.7047394596855567,281238382.93407446,86.69000244140625,0.012378900175031404,0.008129420231149376
2023-11-08,sz301525,0.6982358986916155,0.7037639069296993,0.6887244919065838,0.6927078904535318,272940251.1999665,85.20999908447266,-0.017072364923901406,0.008129420231149376
2023-11-09,sz301525,0.6935208200721359,0.7135191863980568,0.6911632807623961,0.6927892020221584,284847619.4067536,85.22000122070312,0.00011738218915535725,0.008129420231149376
2023-11-10,sz301525,0.6930330747054843,0.7048207092316292,0.687017321100749,0.7004308768866563,226307159.3901215,86.16000366210938,0.011030303073709558,0.008129420231149376
2023-11-13,sz301525,0.7040077796130251,0.7266075579320117,0.6983985218288689,0.7266075579320117,303406015.41904455,89.37999725341797,0.037372254578079245,0.008129420231149376
2023-11-14,sz301525,0.7346557286170887,0.7749776455208829,0.7316478208034438,0.7700186942180776,529708869.45909125,94.72000122070312,0.05974495559833937,0.008129420231149376
2023-11-15,sz301525,0.7853832934931455,0.8092838088199419,0.7527843009999213,0.7794487894344825,534653379.50495917,95.87999725341795,0.012246579579448857,0.008129420231149376
2023-11-16,sz301525,0.7722949219591907,0.774327277016978,0.7526217398852221,0.7536785421871521,338551818.17939764,92.70999908447266,-0.03306214288436782,0.008129420231149376
2023-11-17,sz301525,0.7536785421871521,0.7908299901626026,0.7480692223804417,0.7766035047580911,278434492.9453812,95.52999877929688,0.03041742770652789,0.008129420231149376
2023-11-20,sz301525,0.7740020927650255,0.8127794620002384,0.7601007916124666,0.8026176867113017,402644703.6724549,98.7300033569336,0.033497379027814134,0.008129420231149376
2023-11-21,sz301525,0.8129420231149376,0.8359482972545031,0.7787984829531318,0.781074710694245,307847291.54617316,96.08000183105467,-0.026840893707847924,0.008129420231149376
2023-11-22,sz301525,0.773920781196399,0.7783919871325528,0.7544102222596837,0.7553044634469145,253070445.55490115,92.91000366210938,-0.032993319197884285,0.008129420231149376
2023-11-23,sz301525,0.7491260867049259,0.7605885369791183,0.7420534687757063,0.7550605287410344,152003336.62973788,92.87999725341795,-0.00032296208705950846,0.008129420231149376
2023-11-24,sz301525,0.7535159810724529,0.7535159810724529,0.7333549916092786,0.7397772410345932,199832454.69035342,91.0,-0.020241142431222103,0.008129420231149376
2023-11-27,sz301525,0.7382326313434575,0.7591252388566091,0.730753579616213,0.7451426881579778,166663053.63432315,91.66000366210938,0.007252787495707347,0.008129420231149376
2023-11-28,sz301525,0.7401837368551722,0.7592065504252359,0.732054316624023,0.7409966664737765,202943869.68438724,91.1500015258789,-0.005564064104890409,0.008129420231149376
2023-11-29,sz301525,0.7354686582356927,0.7601007916124666,0.7354686582356927,0.7569303226841227,222468140.23345187,93.11000061035156,0.021503006600786412,0.008129420231149376
2023-11-30,sz301525,0.7570116342527495,0.7648971197780187,0.7462808020285343,0.7562799541802178,182774165.6541138,93.02999877929688,-0.0008592184569892192,0.008129420231149376
2023-12-01,sz301525,0.7519713713813172,0.7533533579351998,0.7194536904567197,0.7387204387326634,206060697.11851504,90.87000274658205,-0.023218274331478606,0.008129420231149376
2023-12-04,sz301525,0.7334363031779053,0.7454678103873762,0.7322981893073487,0.7336801758612311,94939242.65874483,90.25,-0.006822963880733113,0.008129420231149376
2023-12-05,sz301525,0.7278269833711949,0.7316478208034438,0.711405581794197,0.7116494544775228,114703136.69197084,87.54000091552734,-0.030027690686677655,0.008129420231149376
2023-12-06,sz301525,0.7135191863980568,0.7332736800406521,0.7135191863980568,0.7145760507225409,88110588.41015626,87.9000015258789,0.004112412686617883,0.008129420231149376
2023-12-07,sz301525,0.7135191863980568,0.7144947391539143,0.7001056926347038,0.7021380476924911,92735518.47047426,86.37000274658203,-0.017406129155144834,0.008129420231149376
2023-12-08,sz301525,0.7020567361238644,0.7109177744049912,0.6975042806416382,0.7088854193472038,91161482.48313905,87.19999694824219,0.009609750784603355,0.008129420231149376
2023-12-11,sz301525,0.7080724897285998,0.7331924304945794,0.6953906140152241,0.7316478208034438,122091855.48028566,90.0,0.03211012786410716,0.008129420231149376
2023-12-12,sz301525,0.7316478208034438,0.734736978163161,0.7123810725275003,0.7170961511469799,94923989.41847993,88.20999908447266,-0.01988889906141489,0.008129420231149376
2023-12-13,sz301525,0.7151451076578192,0.7520526829499441,0.7040890911816517,0.7294529046309574,193171094.04467013,89.7300033569336,0.017231655007788005,0.008129420231149376
2023-12-14,sz301525,0.731403948120118,0.750751945942134,0.7262011241339867,0.7317291323720705,153465556.52513126,90.01000213623047,0.0031204588077755613,0.008129420231149376
2023-12-15,sz301525,0.728883847695679,0.733924048544557,0.6992927009935455,0.7077473054766473,137914509.04506686,87.05999755859375,-0.0327741862862293,0.008129420231149376
2023-12-18,sz301525,0.7062840073541382,0.7066905031747174,0.6900251668918395,0.6931143862741109,84026533.32923128,85.26000213623047,-0.020675344277971464,0.008129420231149376
2023-12-19,sz301525,0.6910007196476969,0.7087228582325047,0.6900251668918395,0.7027883541738418,63887581.79949189,86.44999694824219,0.013957245862020073,0.008129420231149376
2023-12-20,sz301525,0.7072595601099957,0.7257946283134076,0.7009999338219345,0.7044142754336042,116844371.7991562,86.6500015258789,0.0023135290306193212,0.008129420231149376
2023-12-21,sz301525,0.699211451447473,0.7096170994197355,0.6836842290351517,0.6999430694974504,94380162.19903566,86.0999984741211,-0.00634740960268243,0.008129420231149376
2023-12-22,sz301525,0.7094544762824821,0.7111617091108713,0.6957157982671766,0.6995366356994255,91129745.9025879,86.05000305175781,-0.0005806669366934525,0.008129420231149376
2023-12-25,sz301525,0.6991301398788463,0.7101861563550138,0.6790504619842986,0.6801073263087828,93356595.97126009,83.66000366210938,-0.027774541602408664,0.008129420231149376
2023-12-26,sz301525,0.6748231907540249,0.6797008304882036,0.6623038761553484,0.6639297353925565,99608456.31983186,81.66999816894531,-0.02378682053614778,0.008129420231149376
2023-12-27,sz301525,0.6621412530180949,0.6767742342431855,0.6615721960828167,0.6719779060776334,67287578.2585373,82.66000366210938,0.012122021738216526,0.008129420231149376
2023-12-28,sz301525,0.6694577436306403,0.6840907248557309,0.6544183286075247,0.6809202559273869,147226366.2067795,83.76000213623047,0.013307505751119608,0.008129420231149376
2023-12-29,sz301525,0.6782375323656946,0.6896187330938146,0.677505852293163,0.6859604567762648,103967069.72552492,84.37999725341797,0.007402042757581606,0.008129420231149376
2024-01-02,sz301525,0.6856352725243123,0.688887053021283,0.6775871638617896,0.6801885758548553,61861115.02429963,83.66999816894531,-0.008414305612505779,0.008129420231149376
2024-01-03,sz301525,0.677505852293163,0.6812454401793394,0.6584830387230994,0.667018954774828,100003933.47669984,82.05000305175781,-0.01936172048093543,0.008129420231149376
2024-01-04,sz301525,0.6657995293356447,0.667018954774828,0.6567758679172646,0.6610031391475384,60434691.0395279,81.30999755859375,-0.009018957533703742,0.008129420231149376
2024-01-05,sz301525,0.6630354942053257,0.6723843398756584,0.6462889083763753,0.6487277592547419,102055248.27232362,79.80000305175781,-0.018570834487454002,0.008129420231149376
2024-01-08,sz301525,0.6475896453841853,0.651003986995855,0.6323062956551898,0.6323062956551898,89450905.39343263,77.77999877929688,-0.0253133357795835,0.008129420231149376
2024-01-09,sz301525,0.6363710057707644,0.6461263472616763,0.632224984086563,0.6418177024402215,89024675.7360306,78.94999694824219,0.015042404053839276,0.008129420231149376
2024-01-10,sz301525,0.6366148784540903,0.6425493825127532,0.6300300679140766,0.6313308049218865,79856494.25681306,77.66000366210938,-0.01633937094359239,0.008129420231149376
2024-01-11,sz301525,0.6301113794827033,0.6534427758516673,0.6273473443523843,0.6515730439311334,115698779.64926149,80.1500015258789,0.03206280899242886,0.008129420231149376
2024-01-12,sz301525,0.6504349300605767,0.6607592664642126,0.6484838245488618,0.6548248244281039,96959804.95383455,80.55000305175781,0.0049906614880070865,0.008129420231149376
2024-01-15,sz301525,0.6548248244281039,0.6603528326661876,0.6431184394480315,0.6601902095289343,82308206.60939027,81.20999908447266,0.008193618965982585,0.008129420231149376
2024-01-16,sz301525,0.657507485967242,0.6657995293356447,0.6534427758516673,0.6649865997170407,92447306.03546907,81.80000305175781,0.00726516406768396,0.008129420231149376
2024-01-17,sz301525,0.6622225645867216,0.6649865997170407,0.6381594881452259,0.6381594881452259,68352475.84703065,78.5,-0.04034233409098753,0.008129420231149376
2024-01-18,sz301525,,,,,,,,0.008129420231149376
2024-01-19,sz301525,0.6270221601004318,0.6297861952307509,0.608893587717599,0.608893587717599,106256039.8452759,74.9000015258789,-0.04585985317351715,0.008129420231149376
2024-01-22,sz301525,0.6064547368392326,0.6064547368392326,0.5723925082460536,0.5747499855332392,108895957.50112154,70.69999694824219,-0.05607482632941685,0.008129420231149376
2024-01-23,sz301525,0.5732866874107301,0.5819851645771578,0.565319890316834,0.5796276872899722,80046544.71011354,71.30000305175781,0.008486649638116406,0.008129420231149376
2024-01-24,sz301525,0.576701091044954,0.5836923974055469,0.5567027247190331,0.5739370559146351,97535860.79383852,70.5999984741211,-0.009817735591519883,0.008129420231149376
2024-01-25,sz301525,0.5690594161804563,0.5840988312035718,0.5623119825031893,0.5810909854124813,110410333.63742067,71.4800033569336,0.01246465866617652,0.008129420231149376
2024-01-26,sz301525,0.5790586303546938,0.5810909854124813,0.5533696326534359,0.5533696326534359,142292558.03109744,68.06999969482422,-0.047705700922838656,0.008129420231149376
2024-01-29,sz301525,0.5641817764462775,0.5725550693607527,0.5540200011573408,0.5583285839562413,127836299.57004549,68.68000030517578,0.008961372309187032,0.008129420231149376
2024-01-30,sz301525,0.5548329307759449,0.5549142423445715,0.5309324154491484,0.5319892797736325,107969446.16503145,65.44000244140625,-0.047175274452137206,0.008129420231149376
2024-01-31,sz301525,0.5285748761394086,0.5363791741411597,0.49882123034513004,0.4993902872804083,109964914.41968538,61.43000030517578,-0.06127753647046319,0.008129420231149376
2024-02-01,sz301525,0.49605722622608817,0.5088204135080905,0.4902040337360519,0.49922769515443205,79551306.44151308,61.40999984741211,-0.00032558127404058723,0.008129420231149376
2024-02-02,sz301525,0.5006097127195915,0.5051621682018178,0.45630436625757204,0.47004307528415473,100215387.67037202,57.81999969482422,-0.05845953690780181,0.008129420231149376
2024-02-05,sz301525,0.4617510629270291,0.463458233732864,0.4080969018059541,0.42272985201976754,129807165.82427217,52.0,-0.10065720729059768,0.008129420231149376
2024-02-06,sz301525,0.4124867961734813,0.4561417741315958,0.4034631347551011,0.44524834978140454,135292673.85953525,54.77000045776367,0.05326923957237839,0.008129420231149376
2024-02-07,sz301525,0.44874400296170097,0.48687097268173174,0.44175269660110816,0.45467847600908673,152553191.33928683,55.93000030517578,0.021179474853330493,0.008129420231149376
2024-02-08,sz301525,0.4526461209512994,0.5005284011509649,0.4476871696484939,0.4958946341001119,182267733.47531894,61.0,0.0906490196166696,0.008129420231149376
2024-02-19,sz301525,0.4920737966678631,0.5067067778929536,0.48857814348756656,0.49670756371871594,138029400.3870621,61.09999847412109,0.001639319247886739,0.008129420231149376
2024-02-20,sz301525,0.49182992398453723,0.49955287940638454,0.48500120974992067,0.49914641459708253,98534209.97117616,61.400001525878906,0.004910033702944849,0.008129420231149376
2024-02-21,sz301525,0.4958946341001119,0.5597918820787503,0.492724165171768,0.534997125564723,290584805.9063874,65.80999755859375,0.07182403783583169,0.008129420231149376
2024-02-22,sz301525,0.527680696974732,0.5433704184791982,0.5244289164777615,0.5378424722636688,161645229.62718204,66.16000366210938,0.0053184336195120085,0.008129420231149376
2024-02-23,sz301525,0.5401187000047819,0.5572717816543113,0.5325583367089108,0.5548329307759449,167075752.1914902,68.25,0.03159002754238949,0.008129420231149376
2024-02-26,sz301525,0.5609299959493069,0.5867815547652641,0.5609299959493069,0.567839990741273,227550667.50171664,69.8499984741211,0.02344320108602327,0.008129420231149376
2024-02-27,sz301525,0.585318256642755,0.585318256642755,0.5625558551865151,0.5839362700888727,203129368.76760867,71.83000183105469,0.028346505371323216,0.008129420231149376
2024-02-28,sz301525,0.575237792922445,0.5896268394416555,0.5271115780168995,0.5271115780168995,282110154.8192139,64.83999633789062,-0.09731317436973852,0.008129420231149376
2024-02-29,sz301525,0.5275993854061053,0.5548329307759449,0.5259734641463429,0.5532070715387367,151585471.6524811,68.05000305175781,0.049506583824270756,0.008129420231149376
2024-03-01,sz301525,0.5609299959493069,0.5755629771743975,0.555239426596524,0.5665393157560173,136797947.2556763,69.69000244140625,0.02409991647467047,0.008129420231149376
2024-03-04,sz301525,0.5640191533090242,0.5754816656057709,0.5554019877112232,0.5700349689363138,137901962.02484897,70.12000274658203,0.006170186398505528,0.008129420231149376
2024-03-05,sz301525,0.5609299959493069,0.5644256491296034,0.5456467082428657,0.5471100063653747,124475789.3216858,67.30000305175781,-0.04021676532181362,0.008129420231149376
2024-03-06,sz301525,0.5444272828036824,0.568490359245178,0.542394927745895,0.5637752806256984,129184120.16345216,69.3499984741211,0.030460554671694506,0.008129420231149376
2024-03-07,sz301525,0.5683277981304788,0.5810096738438546,0.554995491890644,0.5558897330778748,138633133.47754672,68.37999725341797,-0.013987040260211359,0.008129420231149376
2024-03-08,sz301525,0.5546703696612457,0.5554019877112232,0.5439395374370307,0.5523128303515059,209817176.56375125,67.94000244140625,-0.006434554397261594,0.008129420231149376
2024-03-11,sz301525,0.545727957788938,0.5606048116973544,0.5419071823792434,0.5601170663307028,161104723.67779544,68.9000015258789,0.014130100823893654,0.008129420231149376
2024-03-12,sz301525,0.568490359245178,0.5731241262960309,0.557759527020963,0.5654012018854607,142748925.13902286,69.55000305175781,0.009433984201506318,0.008129420231149376
2024-03-13,sz301525,0.5694659120010355,0.5729615651813319,0.5627997898923951,0.5672709338059948,138205673.72012332,69.77999877929688,0.00330691182526488,0.008129420231149376
2024-03-14,sz301525,0.5682464865618522,0.5687342319285038,0.545727957788938,0.5535321937681349,135711030.87680057,68.08999633789062,-0.024219009328897534,0.008129420231149376
2024-03-15,sz301525,0.5563775404670807,0.567677429626574,0.5493049225378611,0.567677429626574,146589297.40571597,69.83000183105469,0.02555449532600118,0.008129420231149376
2024-03-18,sz301525,0.5763759067930015,0.5766197794763274,0.5612551802012594,0.5723111966774269,175714252.60150912,70.4000015258789,0.008162676211913356,0.008129420231149376
2024-03-19,sz301525,0.5711730828068703,0.5723111966774269,0.5643443375609767,0.5668645000079698,131335934.13082124,69.7300033569336,-0.009517019238970081,0.008129420231149376
2024-03-20,sz301525,0.5648321449501825,0.5731241262960309,0.5641817764462775,0.5729615651813319,132238704.53649904,70.4800033569336,0.010755771746645548,0.008129420231149376
2024-03-21,sz301525,0.5799528095193704,0.6001137989825447,0.5705227143029653,0.5856434408947075,378000510.8144761,72.04000091552734,0.0221339030120844,0.008129420231149376
2024-03-22,sz301525,0.5794650641527188,0.5819039150310853,0.5528005757181575,0.556458790013153,268207318.35777286,68.44999694824219,-0.04983348031178847,0.008129420231149376
2024-03-25,sz301525,0.5487358656025828,0.5524753914662051,0.5277619465208044,0.5277619465208044,187513125.98641208,64.91999816894531,-0.051570473874031686,0.008129420231149376
2024-03-26,sz301525,0.5245101660238338,0.5273555127227795,0.5064628741983507,0.5175188906745182,174895621.0372925,63.65999984741211,-0.019408477465668317,0.008129420231149376
2024-03-27,sz301525,0.5185757239877252,0.5213396970954899,0.4961385067834378,0.4962198183520644,123617302.51677705,61.040000915527344,-0.041156125324610326,0.008129420231149376
2024-03-28,sz301525,0.49630109890941393,0.5154052550593813,0.4958946341001119,0.5052434797704446,109012201.95314027,62.150001525878906,0.01818480658097754,0.008129420231149376
2024-03-29,sz301525,0.5043492385832138,0.513372900001594,0.5012600502122194,0.513372900001594,72468636.5385132,63.150001525878906,0.016090104190642718,0.008129420231149376
2024-04-01,sz301525,0.5138606453682455,0.523453363721904,0.5138606453682455,0.5227217456719265,89627793.77650453,64.30000305175781,0.01821063338229112,0.008129420231149376
2024-04-02,sz301525,0.5244289164777615,0.5246727891610872,0.509145597760043,0.5128038430663157,119558587.49629213,63.08000183105469,-0.01897357951478007,0.008129420231149376
2024-04-03,sz301525,0.5105275843139253,0.5113405449438065,0.4980082697152488,0.5054060408851436,83657749.34282686,62.16999816894531,-0.014426183191094566,0.008129420231149376
2024-04-08,sz301525,0.5030485325866809,0.5030485325866809,0.4854889861278494,0.4854889861278494,96292475.6922455,59.720001220703125,-0.03940802670742227,0.008129420231149376
2024-04-09,sz301525,0.4854889861278494,0.5057312251370961,0.4854889861278494,0.5054060408851436,95756398.1029358,62.16999816894531,0.041024730377815954,0.008129420231149376
2024-04-10,sz301525,0.5057312251370961,0.5066254663243269,0.4863019157464535,0.48939110411744785,71787776.17668916,60.20000076293945,-0.03168726820053047,0.008129420231149376
2024-04-11,sz301525,0.486627099998406,0.5009348659602669,0.4835379116274116,0.4942687438516266,84505903.30755617,60.79999923706055,0.00996675193549934,0.008129420231149376
2024-04-12,sz301525,0.4945939281035791,0.5018291071474977,0.4876026217429863,0.48809039812091504,73171269.67071535,60.040000915527344,-0.012499972550492178,0.008129420231149376
2024-04-15,sz301525,0.48914720042284493,0.4942687438516266,0.4633769531755144,0.46996179472680516,107968462.08501436,57.810001373291016,-0.037141897205727914,0.008129420231149376
2024-04-16,sz301525,0.47134378128068755,0.4738639127164036,0.443053402597641,0.45524753294436504,122243772.8329239,56.0,-0.03130948504227604,0.008129420231149376
2024-04-17,sz301525,0.45524753294436504,0.47833508764128035,0.45524753294436504,0.4749207150183335,108569242.93544771,58.41999816894531,0.043214253016880644,0.008129420231149376
2024-04-18,sz301525,0.4757336756482147,0.4976831164745735,0.46801072022636736,0.4889846393081458,127955742.28211977,60.150001525878906,0.029613204573039953,0.008129420231149376
2024-04-19,sz301525,0.48370050375338786,0.49101699436593316,0.47727825432807336,0.48532639400187316,75214834.83620454,59.70000076293945,-0.00748130925226731,0.008129420231149376
2024-04-22,sz301525,0.4788228640192091,0.49760180490594674,0.4781724955153041,0.4936996869163483,90337192.45882417,60.72999954223633,0.017252910655509934,0.008129420231149376
2024-04-23,sz301525,0.4902040337360519,0.5037801816479355,0.4902040337360519,0.5032111247126572,115069952.51834108,61.900001525878906,0.019265634652752883,0.008129420231149376
2024-04-24,sz301525,0.4715063734066638,0.49061049854535393,0.4715063734066638,0.48378178431073743,196882305.8091202,59.5099983215332,-0.038610713173351074,0.008129420231149376
2024-04-25,sz301525,0.4812616838862985,0.4849199291925711,0.4759775483315405,0.47996097788976566,84405035.10580446,59.040000915527344,-0.007897788930634086,0.008129420231149376
2024-04-26,sz301525,0.4760588599001672,0.49004144161007573,0.4760588599001672,0.4878464944263121,93213289.31877138,60.0099983215332,0.016429495104407277,0.008129420231149376
2024-04-29,sz301525,0.48508249030727024,0.5056499445797465,0.48500120974992067,0.5025607562087522,131727228.94761659,61.81999969482422,0.030161663454697063,0.008129420231149376
2024-04-30,sz301525,0.5000406247730361,0.5039427737739117,0.4821559250735292,0.4858954509371514,124798444.55728914,59.77000045776367,-0.03316077721094168,0.008129420231149376
2024-05-06,sz301525,0.49264285360314125,0.5001219363416628,0.49101699436593316,0.4989838224711063,113648694.95365907,61.380001068115234,0.026936600268043565,0.008129420231149376
2024-05-07,sz301525,0.4983334539672013,0.5087391329507409,0.4957320419741357,0.5043492385832138,111636989.37872316,62.040000915527344,0.01075268549897368,0.008129420231149376
2024-05-08,sz301525,0.5029672210180542,0.5029672210180542,0.4930493494237205,0.4946752086609286,80986464.13643648,60.84999847412109,-0.01918121250556626,0.008129420231149376
2024-05-09,sz301525,0.49182992398453723,0.5058938172630724,0.49142345917523517,0.5040240543312613,98049058.52275087,62.0,0.018898957349489542,0.008129420231149376
2024-05-10,sz301525,0.5041866464572375,0.5080074838894865,0.4936996869163483,0.4957320419741357,74903250.50079347,60.97999954223633,-0.016451620286510815,0.008129420231149376
2024-05-13,sz301525,0.49264285360314125,0.49264285360314125,0.48191202137892636,0.4832940389440858,69615911.57897188,59.45000076293945,-0.025090173676324157,0.008129420231149376
2024-05-14,sz301525,0.4836192231960383,0.49386227904232455,0.4836192231960383,0.4879278059949388,40985087.561759956,60.02000045776367,0.009587883725975521,0.008129420231149376
2024-05-15,sz301525,0.4862206351891039,0.48857814348756656,0.48118037231767175,0.48248107831420456,42697386.791496284,59.34999847412109,-0.011162978649326583,0.008129420231149376
2024-05-16,sz301525,0.48321272737545906,0.48768393331161297,0.48109909176032223,0.4822372056308788,48471968.33177949,59.31999969482422,-0.000505455435014901,0.008129420231149376
2024-05-17,sz301525,0.4808552190769964,0.4889846393081458,0.4785789603246062,0.48857814348756656,51955611.592277534,60.09999847412109,0.013149001741564748,0.008129420231149376
2024-05-20,sz301525,0.48857814348756656,0.49451264754622953,0.4845947449406186,0.49378099848497503,54905883.483512886,60.7400016784668,0.010648972056485073,0.008129420231149376
2024-05-21,sz301525,0.4950003929128811,0.49508170448150784,0.48378178431073743,0.4845134333719919,51803571.22963715,59.59999847412109,-0.018768573803807698,0.008129420231149376
2024-05-22,sz301525,0.48532639400187316,0.49979675208971036,0.47963579363781317,0.49882123034513004,120020121.02430727,61.36000061035156,0.029530237941108206,0.008129420231149376
2024-05-23,sz301525,0.5027233483347284,0.5114218255011561,0.49256157304579173,0.5047557033925159,175112733.69106296,62.09000015258789,0.011896993725146299,0.008129420231149376
2024-05-24,sz301525,0.5006909932769411,0.505324760327794,0.48613932362047724,0.4908544022399569,132470947.42053224,60.380001068115234,-0.027540651961189933,0.008129420231149376
2024-05-27,sz301525,0.4948378007869049,0.4948378007869049,0.46459637861469766,0.4876026217429863,166803531.05676273,59.97999954223633,-0.006624735323003117,0.008129420231149376
2024-05-28,sz301525,0.4842695606886661,0.48914720042284493,0.4763840131408425,0.4821559250735292,70495187.07424165,59.310001373291016,-0.011170359687540765,0.008129420231149376
2024-05-29,sz301525,0.4821559250735292,0.4940248711683008,0.4821559250735292,0.4863019157464535,72719822.96287538,59.81999969482422,0.008598858703835255,0.008129420231149376
2024-05-30,sz301525,0.48613932362047724,0.48727743749103375,0.4771969737707238,0.4776034385800258,55325347.59079743,58.75,-0.017886989305966106,0.008129420231149376
2024-05-31,sz301525,0.4804487232564172,0.49719534009664473,0.4789041445765586,0.49670756371871594,126417994.24541475,61.09999847412109,0.03999997402759292,0.008129420231149376
2024-06-03,sz301525,0.49678887528734267,0.4999593442156866,0.48809039812091504,0.4936996869163483,106833079.76529695,60.72999954223633,-0.006055629150980568,0.008129420231149376
2024-06-04,sz301525,0.49142345917523517,0.49150473973258474,0.4735387284644511,0.4789854251339082,110262598.62485506,58.91999816894531,-0.029804073553996946,0.008129420231149376
2024-06-05,sz301525,0.4785789603246062,0.5162181846779853,0.47622145202614347,0.49979675208971036,223833551.25716403,61.47999954223633,0.04344876871772052,0.008129420231149376
2024-06-06,sz301525,0.49345581423302254,0.5376798491264153,0.49313062998107005,0.52158363180137,410163690.053032,64.16000366210938,0.04359147917741768,0.008129420231149376
2024-06-07,sz301525,0.52028289479356,0.5283310034560827,0.5041866464572375,0.5210958244121642,226510125.89364627,64.0999984741211,-0.0009352429015480057,0.008129420231149376
2024-06-11,sz301525,0.5162181846779853,0.5170311142965894,0.4936184063589988,0.5136980532422692,191577745.48699954,63.18999862670898,-0.014196565820192797,0.008129420231149376
2024-06-12,sz301525,0.5084139486987884,0.5355661825000013,0.5063002820723745,0.534997125564723,276992323.68033606,65.80999755859375,0.04146224068404014,0.008129420231149376
2024-06-13,sz301525,0.5296317404638927,0.5473538790487005,0.525567030348318,0.5271115780168995,270261339.37344366,64.83999633789062,-0.014739420402492653,0.008129420231149376
2024-06-14,sz301525,0.5228843067866257,0.5300381742619176,0.5085765408247647,0.5300381742619176,143754777.9264908,65.19999694824219,0.005552138042629551,0.008129420231149376
2024-06-17,sz301525,0.5267864557875013,0.5267864557875013,0.5180066670524469,0.5203642063621867,100277138.69144441,64.01000213623047,-0.018251455026238372,0.008129420231149376
2024-06-18,sz301525,0.5154052550593813,0.5223152498513474,0.5105275843139253,0.5145922944295,107302239.91344453,63.29999923706055,-0.011092061794637065,0.008129420231149376
2024-06-19,sz301525,0.5145110138721505,0.5145922944295,0.5043492385832138,0.5068693390076526,80307079.89463808,62.34999847412109,-0.015007911127797646,0.008129420231149376
2024-06-20,sz301525,0.5040240543312613,0.5201203026675838,0.4943500554202533,0.501341330769569,135380626.01106265,61.66999816894531,-0.01090617998103105,0.008129420231149376
2024-06-21,sz301525,0.49548816929080985,0.4956507614167861,0.4747581539036344,0.48207461350490255,123241999.00025941,59.29999923706055,-0.038430338937130215,0.008129420231149376
2024-06-24,sz301525,0.47841636819862987,0.47841636819862987,0.4443541085941738,0.44874400296170097,143169865.36633304,55.20000076293945,-0.06913994143120883,0.008129420231149376
2024-06-25,sz301525,0.44719939327056524,0.4567921116242236,0.44719939327056524,0.449150467771003,60824017.69628907,55.25,0.0009057832675631872,0.008129420231149376
2024-06-26,sz301525,0.4446792928461263,0.46191365505300536,0.4426469377883389,0.4591496509339635,59650010.23590089,56.47999954223633,0.022262435153598714,0.008129420231149376
2024-06-27,sz301525,0.45362164269587973,0.4664661415465088,0.4516705992067191,0.45402810750518174,59050828.51549531,55.84999847412109,-0.011154409936638188,0.008129420231149376
2024-06-28,sz301525,0.4542720111997847,0.4615884708010529,0.45362164269587973,0.45752376068547823,59696261.99670411,56.27999877929688,0.007699199944921187,0.008129420231149376
2024-07-01,sz301525,0.4553288135017146,0.49280544572911755,0.44817494602642266,0.49101699436593316,143062108.6044617,60.400001525878906,0.0732054519535208,0.008129420231149376
2024-07-02,sz301525,0.4845134333719919,0.48939110411744785,0.4694740183488764,0.4755710835222385,125614123.88145448,58.5,-0.031456978110585565,0.008129420231149376
2024-07-03,sz301525,0.47077472434540923,0.48410696856268987,0.47077472434540923,0.48272498200880753,99377197.51581575,59.380001068115234,0.015042753301115042,0.008129420231149376
2024-07-04,sz301525,0.48776521386896254,0.5160555925520091,0.4771969737707238,0.4771969737707238,147256380.64730075,58.70000076293945,-0.011451672161402415,0.008129420231149376
2024-07-05,sz301525,0.46963661047485267,0.4702869479674805,0.4484188187097485,0.4590683703766139,107776074.4416733,56.470001220703125,-0.03798977024280126,0.008129420231149376
2024-07-08,sz301525,0.45362164269587973,0.45362164269587973,0.4332980921180063,0.4336232763699588,93059895.8461075,53.34000015258789,-0.0554276784213652,0.008129420231149376
2024-07-09,sz301525,0.4330542194346805,0.4412649202231795,0.4229737247030934,0.4396390609859713,91524608.0094452,54.08000183105469,0.013873297269402007,0.008129420231149376
2024-07-10,sz301525,0.4381757628634622,0.4425656262197122,0.4295585662543841,0.4305340879989644,69092257.99987794,52.959999084472656,-0.020710109257779052,0.008129420231149376
2024-07-11,sz301525,0.4426469377883389,0.44874400296170097,0.4349239823664916,0.44451670072015004,79778382.90545656,54.68000030517578,0.03247736500069931,0.008129420231149376
2024-07-12,sz301525,0.4422404729790369,0.44549222246473036,0.43915128460804254,0.443459867406943,45951985.42801667,54.54999923706055,-0.0023774884306818622,0.008129420231149376
2024-07-15,sz301525,0.443459867406943,0.443459867406943,0.42882691719312954,0.43077799169356734,52690104.31503297,52.9900016784668,-0.028597572509843516,0.008129420231149376
2024-07-16,sz301525,0.4315096407548219,0.4343549254312133,0.4251686718868569,0.43077799169356734,40447041.812416084,52.9900016784668,0.0,0.008129420231149376
2024-07-17,sz301525,0.4308592722509169,0.4315909213121714,0.41687665952973135,0.41703925165570754,81001225.33669282,51.29999923706055,-0.03189285502689476,0.008129420231149376
2024-07-18,sz301525,0.41695797109835797,0.41695797109835797,0.4031379505031486,0.40825949393193034,126663768.22968294,50.220001220703125,-0.021052593224547334,0.008129420231149376
2024-07-19,sz301525,0.4059019546221905,0.4182586770948908,0.4050077134349597,0.4137875021700141,69797843.37213136,50.900001525878906,0.013540427890221807,0.008129420231149376
2024-07-22,sz301525,0.41297454154013286,0.41842126922086703,0.41208030035290205,0.4154946729758489,47087490.75773621,51.11000061035156,0.004125718628237962,0.008129420231149376
2024-07-23,sz301525,0.41622632203710347,0.42468092652020534,0.4056580819388647,0.40704006849274704,95896752.51537324,50.06999969482422,-0.020348286110501546,0.008129420231149376
2024-07-24,sz301525,0.4024063014418941,0.4085846471726057,0.39557758720727754,0.3957401793332538,78670185.79621126,48.68000030517578,-0.027761122391061654,0.008129420231149376
2024-07-25,sz301525,0.39517112239797547,0.4160637299111272,0.39517112239797547,0.4100479452951147,101021103.18436433,50.43999862670898,0.03615444351889341,0.008129420231149376
2024-07-26,sz301525,0.41037312954706723,0.4178522122855888,0.4072839411760728,0.41744571646500955,79200973.95542909,51.34999847412109,0.018041234579460275,0.008129420231149376
2024-07-29,sz301525,0.41703925165570754,0.42061621640463065,0.4043573759423319,0.4048451213089835,96691643.14917757,49.79999923706055,-0.03018499090787108,0.008129420231149376
2024-07-30,sz301525,0.40248758199924367,0.41281194941415666,0.4014307796973138,0.4068774763667708,57722443.502426155,50.04999923706055,0.0050200803981930164,0.008129420231149376
2024-07-31,sz301525,0.4068774763667708,0.4355743508703966,0.40386959956440316,0.4331354999920301,183240742.59221652,53.27999877929688,0.06453545637308644,0.008129420231149376
2024-08-01,sz301525,0.4308592722509169,0.4325664430567518,0.4212665538972585,0.421998202958513,128066205.2640381,51.90999984741211,-0.02571319375512293,0.008129420231149376
2024-08-02,sz301525,0.41899032615614534,0.42346150108102204,0.41110477860832173,0.41224289247887835,86616139.8942032,50.709999084472656,-0.023116947918836783,0.008129420231149376
2024-08-05,sz301525,0.4069587879353975,0.41964066364877317,0.4040321916903794,0.4052515861182855,77611807.73783113,49.84999847412109,-0.016959191991287148,0.008129420231149376
2024-08-06,sz301525,0.40956019992846315,0.4154133614072222,0.40655229211481836,0.41110477860832173,58103405.47904206,50.56999969482422,0.014443354919597695,0.008129420231149376
2024-08-07,sz301525,0.4090724235505344,0.41484430447194404,0.40890983142455817,0.41167383554360004,49347676.53698731,50.63999938964844,0.0013842138668509474,0.008129420231149376
2024-08-08,sz301525,0.4098853531691385,0.40996666473776516,0.3973660695817391,0.4017559329379891,67765226.09683229,49.41999816894531,-0.024091651568078687,0.008129420231149376
2024-08-09,sz301525,0.40549548981288847,0.4072839411760728,0.3974473501390886,0.39817899920034316,45427593.78890992,48.97999954223633,-0.008903250566801302,0.008129420231149376
2024-08-12,sz301525,0.39817899920034316,0.3996422973228522,0.39256971040490984,0.39322004789753773,45507796.31030274,48.369998931884766,-0.012454075460444747,0.008129420231149376
2024-08-13,sz301525,0.3962279557111825,0.3974473501390886,0.38939924147656596,0.3971221658871361,41551302.601593025,48.84999847412109,0.009923497060900566,0.008129420231149376
2024-08-14,sz301525,0.3942768812107447,0.3987480561356215,0.3942768812107447,0.3942768812107447,33685181.994987495,48.5,-0.007164759161794043,0.008129420231149376
2024-08-15,sz301525,0.3919193419010049,0.40549548981288847,0.3917567497750286,0.39590277145923003,61461086.49735261,48.70000076293945,0.004123727070916461,0.008129420231149376
2024-08-16,sz301525,0.39590277145923003,0.40126818757133753,0.39395169695879223,0.39630923626853204,47524422.285324104,48.75,0.001026678362982647,0.008129420231149376
2024-08-19,sz301525,0.3963905168258816,0.3999674815748047,0.3853345313609913,0.3853345313609913,77536156.58651735,47.400001525878906,-0.0276922763922276,0.008129420231149376
2024-08-20,sz301525,0.3853345313609913,0.38590358829626953,0.3725713440789889,0.3734655542549425,71868962.77809907,45.93999862670898,-0.030801747936080037,0.008129420231149376
2024-08-21,sz301525,0.3715145107657819,0.38208275086402066,0.3633850905346325,0.36411673959588703,76497337.11847688,44.790000915527344,-0.025032602210680932,0.008129420231149376
2024-08-22,sz301525,0.3641980201532366,0.3659051909590715,0.35086577593595597,0.35200388980651254,79182645.4651108,43.29999923706055,-0.03326639089105843,0.008129420231149376
2024-08-23,sz301525,0.34964635049677273,0.3524916661844413,0.34387446957536316,0.3453377676978722,58364186.68357087,42.47999954223633,-0.018937637627540194,0.008129420231149376
2024-08-26,sz301525,0.34777658756496166,0.3507031838099797,0.34322413208273533,0.3450938950145464,40425884.09204865,42.45000076293945,-0.0007061859609260868,0.008129420231149376
2024-08-27,sz301525,,,,,,,,0.008129420231149376
2024-08-28,sz301525,0.33346882160310065,0.3484269560688666,0.3333062294771244,0.3446874302052444,65084592.13027955,42.400001525878906,-0.001177838307701462,0.008129420231149376
2024-08-29,sz301525,0.3402975358377172,0.36094627066754315,0.3396471673338123,0.3554182624294594,109996651.00023653,43.720001220703125,0.03113206715378425,0.008129420231149376
2024-08-30,sz301525,0.35501176660888023,0.3590764767244549,0.3424111714528541,0.3587513234837795,368554449.7404328,44.130001068115234,0.00937785535143032,0.008129420231149376
2024-09-02,sz301525,0.3658239104017219,0.38744816697612816,0.35623119204806347,0.35899519616710535,407823670.78239447,44.15999984741211,0.00067978197531815,0.008129420231149376
2024-09-03,sz301525,0.3639541474699108,0.3920819340269811,0.3468010658203813,0.38492803554041205,491705421.3391114,47.34999847412109,0.07223728799210849,0.008129420231149376
2024-09-04,sz301525,0.3738720500755217,0.41460043178861816,0.3738720500755217,0.4085846471726057,617374899.7215272,50.2599983215332,0.06145723212647125,0.008129420231149376
2024-09-05,sz301525,0.4024063014418941,0.41671406740375505,0.3997235778802018,0.4098853531691385,341164304.6047669,50.41999816894531,0.0031834431507244965,0.008129420231149376
2024-09-06,sz301525,0.40712138006137377,0.40964148048581267,0.39508981082934874,0.39891064826159767,224704831.10229495,49.06999969482422,-0.026775059959295744,0.008129420231149376
2024-09-09,sz301525,0.4007804111934088,0.40549548981288847,0.390862539599075,0.3965531089518579,129013997.33049776,48.77999877929688,-0.0059099432918464645,0.008129420231149376
2024-09-10,sz301525,0.3964718283945083,0.40386959956440316,0.3872855748501519,0.3989919598302244,124080189.15481569,49.08000183105469,0.0061501242161803304,0.008129420231149376
2024-09-11,sz301525,0.3959840520165796,0.43484270180914203,0.3914315965343533,0.4279326760058988,325561100.88379675,52.63999938964844,0.07253458487732178,0.008129420231149376
2024-09-12,sz301525,0.42557513669615893,0.4383383239781613,0.42004712845807524,0.4224859793364417,224461886.3480759,51.970001220703125,-0.012727928888940476,0.008129420231149376
2024-09-13,sz301525,0.4224859793364417,0.42557513669615893,0.4115112434176238,0.41305585310875953,139880700.91921237,50.810001373291016,-0.02232056609900568,0.008129420231149376
2024-09-18,sz301525,0.40996666473776516,0.4238679658903241,0.40793430967997785,0.4228924441457438,148997095.18753055,52.02000045776367,0.023814191138926244,0.008129420231149376
2024-09-19,sz301525,0.42272985201976754,0.4273636190706205,0.4138687827273636,0.42110396177128223,176018333.3267899,51.79999923706055,-0.004229166066266221,0.008129420231149376
2024-09-20,sz301525,0.42094136964530604,0.42094136964530604,0.3973660695817391,0.39923583251355016,158670970.78553012,49.11000061035156,-0.05193047618395352,0.008129420231149376
2024-09-23,sz301525,0.3977725343910411,0.4006991306360592,0.37777416806512015,0.3824892156733227,201732959.22335818,47.04999923706055,-0.041946677818953226,0.008129420231149376
2024-09-24,sz301525,0.3822453429899969,0.39224452615295735,0.37175838344910767,0.3913502849657266,190075055.30090335,48.13999938964844,0.023166847401972168,0.008129420231149376
2024-09-25,sz301525,0.3917567497750286,0.41866514190419285,0.3916754692176791,0.4063897310001192,254023158.02144626,49.9900016784668,0.038429628422807394,0.008129420231149376
2024-09-26,sz301525,0.4063897310001192,0.4299650310636861,0.40265017412522,0.4298837505063366,242837366.48719028,52.880001068115234,0.057811548161905923,0.008129420231149376
2024-09-27,sz301525,0.4311844565028694,0.45524753294436504,0.4273636190706205,0.44532963033875417,302315162.72010046,54.77999877929688,0.035930364463008235,0.008129420231149376
2024-09-30,sz301525,0.4615884708010529,0.5090642861914163,0.4537029542645064,0.5014226423381957,393676536.4567109,61.68000030517578,0.12595840963192262,0.008129420231149376
2024-10-08,sz301525,0.5933663653052778,0.5933663653052778,0.518413131861749,0.5506056595456711,471426730.44694525,67.7300033569336,0.09808694912166094,0.008129420231149376
2024-10-09,sz301525,0.5332899547588882,0.5336964505794674,0.4644337864887214,0.47134378128068755,358087528.65866095,57.97999954223633,-0.14395398392814562,0.008129420231149376
2024-10-10,sz301525,0.4766279168354455,0.49280544572911755,0.4648402512980235,0.4664661415465088,235918053.8670273,57.380001068115234,-0.010348369762990695,0.008129420231149376
2024-10-11,sz301525,0.46662873367248503,0.4674416632910891,0.43915128460804254,0.44711811271321567,155178347.79487613,55.0,-0.041477884695226064,0.008129420231149376
2024-10-14,sz301525,0.45280871307727566,0.48313144681810954,0.4376879864855335,0.4751646187129364,208991779.44941714,58.45000076293945,0.06272728659889926,0.008129420231149376
2024-10-15,sz301525,0.4741890969683561,0.4804487232564172,0.464515067046071,0.46540930823330173,138180948.70969394,57.25,-0.02053038062063328,0.008129420231149376
2024-10-16,sz301525,0.4633769531755144,0.4671977906077633,0.45288999363462523,0.45524753294436504,100179345.73974611,56.0,-0.02183406113537123,0.008129420231149376
